[
  {"city": "Tokyo", "population": 37036200, "country": "Japan", "continent": "Asia"},
  {"city": "Delhi", "population": 34665600, "country": "India", "continent": "Asia"},
  {"city": "Shanghai", "population": 30482100, "country": "China", "continent": "Asia"},
  {"city": "Dhaka", "population": 24652900, "country": "Bangladesh", "continent": "Asia"},
  {"city": "Cairo", "population": 23074200, "country": "Egypt", "continent": "Africa"},
  {"city": "São Paulo", "population": 22990000, "country": "Brazil", "continent": "South America"},
  {"city": "Mexico City", "population": 22752400, "country": "Mexico", "continent": "North America"},
  {"city": "Beijing", "population": 22596500, "country": "China", "continent": "Asia"},
  {"city": "Mumbai", "population": 22089000, "country": "India", "continent": "Asia"},
  {"city": "Osaka", "population": 18921600, "country": "Japan", "continent": "Asia"},
  {"city": "Chongqing", "population": 18171200, "country": "China", "continent": "Asia"},
  {"city": "Karachi", "population": 18076800, "country": "Pakistan", "continent": "Asia"},
  {"city": "Kinshasa", "population": 17778500, "country": "DR Congo", "continent": "Africa"},
  {"city": "Lagos", "population": 17156400, "country": "Nigeria", "continent": "Africa"},
  {"city": "Istanbul", "population": 16236700, "country": "Turkey", "continent": "Europe/Asia"},
  {"city": "Kolkata", "population": 15845200, "country": "India", "continent": "Asia"},
  {"city": "Buenos Aires", "population": 15752300, "country": "Argentina", "continent": "South America"},
  {"city": "Manila", "population": 15230600, "country": "Philippines", "continent": "Asia"},
  {"city": "Guangzhou", "population": 14878700, "country": "China", "continent": "Asia"},
  {"city": "Lahore", "population": 14825800, "country": "Pakistan", "continent": "Asia"},
  {"city": "Tianjin", "population": 14704100, "country": "China", "continent": "Asia"},
  {"city": "Bangalore", "population": 14395400, "country": "India", "continent": "Asia"},
  {"city": "Rio de Janeiro", "population": 13923200, "country": "Brazil", "continent": "South America"},
  {"city": "Shenzhen", "population": 13545400, "country": "China", "continent": "Asia"},
  {"city": "Moscow", "population": 12737400, "country": "Russia", "continent": "Europe/Asia"},
  {"city": "Chennai", "population": 12336000, "country": "India", "continent": "Asia"},
  {"city": "Bogotá", "population": 11795800, "country": "Colombia", "continent": "South America"},
  {"city": "Jakarta", "population": 11634100, "country": "Indonesia", "continent": "Asia"},
  {"city": "Lima", "population": 11517300, "country": "Peru", "continent": "South America"},
  {"city": "Bangkok", "population": 11391700, "country": "Thailand", "continent": "Asia"},
  {"city": "Paris", "population": 11346800, "country": "France", "continent": "Europe"},
  {"city": "Hyderabad", "population": 11068900, "country": "Pakistan", "continent": "Asia"},
  {"city": "Nanjing", "population": 10174900, "country": "China", "continent": "Asia"},
  {"city": "Luanda", "population": 10027900, "country": "Angola", "continent": "Africa"},
  {"city": "Seoul", "population": 10025800, "country": "South Korea", "continent": "Asia"},
  {"city": "Wuhan", "population": 8986480, "country": "China", "continent": "Asia"},
  {"city": "Hangzhou", "population": 8591040, "country": "China", "continent": "Asia"},
  {"city": "Surat", "population": 8581730, "country": "India", "continent": "Asia"},
  {"city": "Dar es Salaam", "population": 8561520, "country": "Tanzania", "continent": "Africa"},
  {"city": "London", "population": 9840740, "country": "United Kingdom", "continent": "Europe"},
  {"city": "Ho Chi Minh City", "population": 9816320, "country": "Vietnam", "continent": "Asia"},
  {"city": "Tehran", "population": 9729740, "country": "Iran", "continent": "Asia"},
  {"city": "Nagoya", "population": 9534790, "country": "Japan", "continent": "Asia"},
  {"city": "Ahmedabad", "population": 9061820, "country": "India", "continent": "Asia"},
  {"city": "Kuala Lumpur", "population": 9000280, "country": "Malaysia", "continent": "Asia"},
  {"city": "Xi'an", "population": 8600000, "country": "China", "continent": "Asia"},
  {"city": "Chicago", "population": 7600000, "country": "United States", "continent": "North America"},
  {"city": "Toronto", "population": 7650000, "country": "Canada", "continent": "North America"},
  {"city": "Los Angeles", "population": 12740000, "country": "United States", "continent": "North America"},
  {"city": "Miami", "population": 6250000, "country": "United States", "continent": "North America"},
  {"city": "Dallas", "population": 7500000, "country": "United States", "continent": "North America"},
  {"city": "Philadelphia", "population": 7500000, "country": "United States", "continent": "North America"},
  {"city": "Riyadh", "population": 7450000, "country": "Saudi Arabia", "continent": "Asia"},
  {"city": "Singapore", "population": 7800000, "country": "Singapore", "continent": "Asia"},
  {"city": "Hanoi", "population": 7050000, "country": "Vietnam", "continent": "Asia"},
  {"city": "Houston", "population": 7050000, "country": "United States", "continent": "North America"},
  {"city": "Nairobi", "population": 6650000, "country": "Kenya", "continent": "Africa"},
  {"city": "Madrid", "population": 6600000, "country": "Spain", "continent": "Europe"},
  {"city": "Accra", "population": 6550000, "country": "Ghana", "continent": "Africa"},
  {"city": "Jinan", "population": 6500000, "country": "China", "continent": "Asia"},
  {"city": "Kunming", "population": 6500000, "country": "China", "continent": "Asia"},
  {"city": "Dubai", "population": 5950000, "country": "United Arab Emirates", "continent": "Asia"},
  {"city": "Surabaya", "population": 5850000, "country": "Indonesia", "continent": "Asia"},
  {"city": "Guadalajara", "population": 5750000, "country": "Mexico", "continent": "North America"},
  {"city": "Detroit", "population": 5650000, "country": "United States", "continent": "North America"},
  {"city": "Bamako", "population": 5450000, "country": "Mali", "continent": "Africa"},
  {"city": "Harbin", "population": 5300000, "country": "China", "continent": "Asia"},
  {"city": "Dalian", "population": 5300000, "country": "China", "continent": "Asia"},
  {"city": "Nanning", "population": 5200000, "country": "China", "continent": "Asia"},
  {"city": "Kano", "population": 5200000, "country": "Nigeria", "continent": "Africa"},
  {"city": "Zhengzhou", "population": 5100000, "country": "China", "continent": "Asia"},
  {"city": "Taipei", "population": 9800000, "country": "Taiwan", "continent": "Asia"},
  {"city": "Chengdu", "population": 9998870, "country": "China", "continent": "Asia"},
  {"city": "Bogotá", "population": 11795800, "country": "Colombia", "continent": "South America"}
]
